Image_File,Modality,Bits_Stored,Shape,Original_Size_Bytes,Metadata_Size_Bytes,Parameter_Beta,Parameter_Codec,Stego_Capacity_Bits,Stego_Image_PSNR_dB,Stego_Image_SSIM,Final_Bin_Size_Bytes,CR,Bpp,Encoding_Time_s,Decoding_Time_s,Reversibility_Check
111.dcm,dx_16b,12,3056x2544,15551806,3013,0.4,jxl,2210800,92.88145187316107,0.9999996421054358,4270553,3.6416375115822235,4.394441083012282,4.229276895523071,2.6764159202575684,True
111.dcm,dx_16b,12,3056x2544,15551806,3013,0.4,j2k,2210800,92.88145187316107,0.9999996421054358,5118566,3.038313074404042,5.267054809180414,2.570108413696289,1.4427919387817383,True
111.dcm,dx_16b,12,3056x2544,15551806,3013,0.4,jls,2210800,92.88145187316107,0.9999996421054358,5020346,3.097755812049608,5.165985462148901,1.5497736930847168,1.2854070663452148,True
111.dcm,dx_16b,12,3056x2544,15551806,3013,0.4,png,2210800,92.88145187316107,0.9999996421054358,7943794,1.9577302734688236,8.174242237149725,1.9705891609191895,0.9713866710662842,True
111.dcm,dx_16b,12,3056x2544,15551806,3013,0.8,jxl,2210800,76.72213677897714,0.9999929281485811,4270144,3.6419863124053897,4.394020217985446,2.943411350250244,3.4649925231933594,True
111.dcm,dx_16b,12,3056x2544,15551806,3013,0.8,j2k,2210800,76.72213677897714,0.9999929281485811,5120913,3.036920564750856,5.269469895287958,2.4607994556427,1.4709584712982178,True
111.dcm,dx_16b,12,3056x2544,15551806,3013,0.8,jls,2210800,76.72213677897714,0.9999929281485811,5021551,3.0970124569082342,5.1672254190128095,0.8440811634063721,1.907433271408081,True
111.dcm,dx_16b,12,3056x2544,15551806,3013,0.8,png,2210800,76.72213677897714,0.9999929281485811,7943479,1.9578079075931338,8.173918099048372,1.4501268863677979,1.7873508930206299,True
000.dcm,dx_16b,12,3056x2544,15551804,3013,0.4,jxl,4332176,89.18097481025605,0.9999994866738467,5718245,2.7196813008186953,5.884130404359709,5.138495445251465,2.6213955879211426,True
000.dcm,dx_16b,12,3056x2544,15551804,3013,0.4,j2k,4332176,89.18097481025605,0.9999994866738467,6875372,2.2619581893168834,7.074825479930192,3.0174765586853027,1.543813943862915,True
000.dcm,dx_16b,12,3056x2544,15551804,3013,0.4,jls,4332176,89.18097481025605,0.9999994866738467,6748044,2.304638796071869,6.943803714313939,1.5110254287719727,1.418703317642212,True
000.dcm,dx_16b,12,3056x2544,15551804,3013,0.4,png,4332176,89.18097481025605,0.9999994866738467,9743496,1.5961215563695001,10.02615331423491,1.6469287872314453,1.2089285850524902,True
000.dcm,dx_16b,12,3056x2544,15551804,3013,0.8,jxl,4332176,71.4311197620192,0.9999871307779223,5719220,2.719217655554429,5.885133688959136,4.609160423278809,2.7963857650756836,True
000.dcm,dx_16b,12,3056x2544,15551804,3013,0.8,j2k,4332176,71.4311197620192,0.9999871307779223,6876332,2.2616423988835908,7.075813329381935,2.8437633514404297,1.5648682117462158,True
000.dcm,dx_16b,12,3056x2544,15551804,3013,0.8,jls,4332176,71.4311197620192,0.9999871307779223,6748554,2.3044646304971406,6.944328509335177,0.9651014804840088,1.7557485103607178,True
000.dcm,dx_16b,12,3056x2544,15551804,3013,0.8,png,4332176,71.4311197620192,0.9999871307779223,9743480,1.5961241773986297,10.026136850077382,1.9298772811889648,1.3193080425262451,True
222.dcm,dx_16b,12,2893x2440,14120730,3010,0.4,jxl,4119056,92.28513554124129,0.9999996472832594,4875602,2.896202356139816,5.525606750041082,3.735633611679077,2.064970016479492,True
222.dcm,dx_16b,12,2893x2440,14120730,3010,0.4,j2k,4119056,92.28513554124129,0.9999996472832594,5976508,2.362705780700034,6.773283165130077,3.51564359664917,1.4159488677978516,True
222.dcm,dx_16b,12,2893x2440,14120730,3010,0.4,jls,4119056,92.28513554124129,0.9999996472832594,5848480,2.4144273383853583,6.628186748114443,1.0981366634368896,1.3128681182861328,True
222.dcm,dx_16b,12,2893x2440,14120730,3010,0.4,png,4119056,92.28513554124129,0.9999996472832594,8641742,1.6340142994317581,9.793840417514295,1.7672252655029297,1.0835793018341064,True
222.dcm,dx_16b,12,2893x2440,14120730,3010,0.8,jxl,4119056,75.8969311373519,0.9999905500064328,4878066,2.8947394315698065,5.5283992452103154,3.4667763710021973,2.664339065551758,True
222.dcm,dx_16b,12,2893x2440,14120730,3010,0.8,j2k,4119056,75.8969311373519,0.9999905500064328,5977775,2.3622050010246287,6.774719078839256,3.680314540863037,1.4922740459442139,True
222.dcm,dx_16b,12,2893x2440,14120730,3010,0.8,jls,4119056,75.8969311373519,0.9999905500064328,5849015,2.4142064945978086,6.628793073161334,0.8646044731140137,1.4742546081542969,True
222.dcm,dx_16b,12,2893x2440,14120730,3010,0.8,png,4119056,75.8969311373519,0.9999905500064328,8641365,1.63408558717286,9.793413156686858,1.4218573570251465,1.601593017578125,True
333.dcm,dx_16b,12,3056x2544,15551820,3012,0.4,jxl,4343360,89.20288827805982,0.9999993613432479,5267095,2.9526370798324315,5.419892612532517,3.633219003677368,2.7100980281829834,True
333.dcm,dx_16b,12,3056x2544,15551820,3012,0.4,j2k,4343360,89.20288827805982,0.9999993613432479,6370557,2.441202551048519,6.55536587474069,2.71384334564209,1.521207332611084,True
333.dcm,dx_16b,12,3056x2544,15551820,3012,0.4,jls,4343360,89.20288827805982,0.9999993613432479,6230015,2.4962732834511634,6.410746773025124,1.1743481159210205,1.5718793869018555,True
333.dcm,dx_16b,12,3056x2544,15551820,3012,0.4,png,4343360,89.20288827805982,0.9999993613432479,9297419,1.6727029297055451,9.567135689354275,1.5085690021514893,1.2811334133148193,True
333.dcm,dx_16b,12,3056x2544,15551820,3012,0.8,jxl,4343360,71.90351754688425,0.999982534092239,5270315,2.950833109595916,5.42320602423524,4.467726230621338,2.85129976272583,True
333.dcm,dx_16b,12,3056x2544,15551820,3012,0.8,j2k,4343360,71.90351754688425,0.999982534092239,6372180,2.440580774554391,6.557035957720044,2.681427001953125,1.6557393074035645,True
333.dcm,dx_16b,12,3056x2544,15551820,3012,0.8,jls,4343360,71.90351754688425,0.999982534092239,6230908,2.495915523066622,6.411665678817215,0.9729387760162354,1.6735892295837402,True
333.dcm,dx_16b,12,3056x2544,15551820,3012,0.8,png,4343360,71.90351754688425,0.999982534092239,9297576,1.6726746842402793,9.567297243900029,1.6703624725341797,1.4110233783721924,True
444.dcm,dx_16b,12,3056x2544,15551806,3013,0.4,jxl,3774352,92.95535641454278,0.9999995737324727,4438147,3.504121427253311,4.566896959070104,3.259502410888672,2.255915641784668,True
444.dcm,dx_16b,12,3056x2544,15551806,3013,0.4,j2k,3774352,92.95535641454278,0.9999995737324727,5336437,2.9142677033383886,5.491246213243769,2.355668783187866,1.8413190841674805,True
444.dcm,dx_16b,12,3056x2544,15551806,3013,0.4,jls,3774352,92.95535641454278,0.9999995737324727,5269707,2.951170909502179,5.422580386249136,2.060145139694214,1.5005056858062744,True
444.dcm,dx_16b,12,3056x2544,15551806,3013,0.4,png,3774352,92.95535641454278,0.9999995737324727,7270793,2.138942203415776,7.481717582073825,1.6661195755004883,0.9912121295928955,True
444.dcm,dx_16b,12,3056x2544,15551806,3013,0.8,jxl,3774352,76.66597155303504,0.9999912427479422,4439432,3.5031071542485615,4.5682192367216565,3.2857370376586914,2.515946388244629,True
444.dcm,dx_16b,12,3056x2544,15551806,3013,0.8,j2k,3774352,76.66597155303504,0.9999912427479422,5338467,2.9131595268829047,5.493335103230268,2.4826443195343018,1.3242647647857666,True
444.dcm,dx_16b,12,3056x2544,15551806,3013,0.8,jls,3774352,76.66597155303504,0.9999912427479422,5271195,2.950337826621857,5.424111552899338,1.5903956890106201,2.0621979236602783,True
444.dcm,dx_16b,12,3056x2544,15551806,3013,0.8,png,3774352,76.66597155303504,0.9999912427479422,7270723,2.1389627964096554,7.481645551384636,1.6707308292388916,1.1413369178771973,True
555.dcm,dx_16b,12,3056x2544,15551804,3013,0.4,jxl,4551456,89.23489989445403,0.9999992875355355,6051936,2.569723804085172,6.227501728736541,4.697057008743286,2.4740054607391357,True
555.dcm,dx_16b,12,3056x2544,15551804,3013,0.4,j2k,4551456,89.23489989445403,0.9999992875355355,7095361,2.1918270261372186,7.301196326846456,2.822765827178955,1.7333993911743164,True
555.dcm,dx_16b,12,3056x2544,15551804,3013,0.4,jls,4551456,89.23489989445403,0.9999992875355355,6942953,2.2399408436151016,7.144366994303401,0.9734964370727539,1.4562242031097412,True
555.dcm,dx_16b,12,3056x2544,15551804,3013,0.4,png,4551456,89.23489989445403,0.9999992875355355,10079301,1.542944694279891,10.37169996542527,1.90450119972229,1.649390697479248,True
555.dcm,dx_16b,12,3056x2544,15551804,3013,0.8,jxl,4551456,71.86152105454917,0.999978129783631,6054402,2.5686771377255755,6.230039267015707,4.567784309387207,2.321979522705078,True
555.dcm,dx_16b,12,3056x2544,15551804,3013,0.8,j2k,4551456,71.86152105454917,0.999978129783631,7097123,2.191282862083692,7.303009442194343,2.8582329750061035,1.4937138557434082,True
555.dcm,dx_16b,12,3056x2544,15551804,3013,0.8,jls,4551456,71.86152105454917,0.999978129783631,6943939,2.239622784704762,7.14538159801113,0.9451329708099365,1.8398492336273193,True
555.dcm,dx_16b,12,3056x2544,15551804,3013,0.8,png,4551456,71.86152105454917,0.999978129783631,10079341,1.5429385710831691,10.371741125819092,2.358909845352173,1.4279541969299316,True
666.dcm,dx_16b,12,2544x3056,15551730,3012,0.4,jxl,4461792,88.77525913764963,0.9999994402780653,5273189,2.949207775408771,5.426163398531397,3.6519582271575928,2.5875134468078613,True
666.dcm,dx_16b,12,2544x3056,15551730,3012,0.4,j2k,4461792,88.77525913764963,0.9999994402780653,6614177,2.3512721235007774,6.806053253317527,2.777592420578003,1.468189001083374,True
666.dcm,dx_16b,12,2544x3056,15551730,3012,0.4,jls,4461792,88.77525913764963,0.9999994402780653,6490403,2.3961116127919944,6.678688588692417,1.6389133930206299,1.6306400299072266,True
666.dcm,dx_16b,12,2544x3056,15551730,3012,0.4,png,4461792,88.77525913764963,0.9999994402780653,9576373,1.6239686987965067,9.85418210181435,1.6081829071044922,1.107572078704834,True
666.dcm,dx_16b,12,2544x3056,15551730,3012,0.8,jxl,4461792,70.6417166139304,0.9999781828034113,5274762,2.9483282847643175,5.427782031018473,3.6023142337799072,2.584167242050171,True
666.dcm,dx_16b,12,2544x3056,15551730,3012,0.8,j2k,4461792,70.6417166139304,0.9999781828034113,6616212,2.3505489243694124,6.808147288353255,2.791633367538452,1.8220043182373047,True
666.dcm,dx_16b,12,2544x3056,15551730,3012,0.8,jls,4461792,70.6417166139304,0.9999781828034113,6491338,2.395766481424939,6.679650712898021,1.6403486728668213,1.5470433235168457,True
666.dcm,dx_16b,12,2544x3056,15551730,3012,0.8,png,4461792,70.6417166139304,0.9999781828034113,9576318,1.6239780257923766,9.854125506272844,1.5703644752502441,1.079214334487915,True
777.dcm,dx_16b,12,3056x2544,15551820,3012,0.4,jxl,3981712,89.22191125136587,0.9999993515746668,5141921,3.024515545843664,5.291087334123613,4.212701320648193,2.3252689838409424,True
777.dcm,dx_16b,12,3056x2544,15551820,3012,0.4,j2k,3981712,89.22191125136587,0.9999993515746668,6235484,2.4940838594085077,6.416374427870526,2.6495907306671143,1.653587818145752,True
777.dcm,dx_16b,12,3056x2544,15551820,3012,0.4,jls,3981712,89.22191125136587,0.9999993515746668,6104204,2.5477228480568472,6.281286015344595,0.9683096408843994,1.439100742340088,True
777.dcm,dx_16b,12,3056x2544,15551820,3012,0.4,png,3981712,89.22191125136587,0.9999993515746668,9050184,1.718398211572273,9.312728440185715,1.5514757633209229,1.6703071594238281,True
777.dcm,dx_16b,12,3056x2544,15551820,3012,0.8,jxl,3981712,71.84318173686555,0.9999854560629149,5145121,3.022634453106156,5.294380165629425,4.630493402481079,2.3135900497436523,True
777.dcm,dx_16b,12,3056x2544,15551820,3012,0.8,j2k,3981712,71.84318173686555,0.9999854560629149,6236917,2.4935108163215896,6.417848998979222,2.527921676635742,1.6409435272216797,True
777.dcm,dx_16b,12,3056x2544,15551820,3012,0.8,jls,3981712,71.84318173686555,0.9999854560629149,6104969,2.5474035986095918,6.282073207876453,0.9541327953338623,1.495588779449463,True
777.dcm,dx_16b,12,3056x2544,15551820,3012,0.8,png,3981712,71.84318173686555,0.9999854560629149,9050121,1.7184101737424284,9.312663612565444,1.5142712593078613,2.133847951889038,True
888.dcm,dx_16b,12,3056x2544,15551732,3009,0.4,jxl,5335552,89.34395066814088,0.9999993651573609,5850939,2.6579890851707733,6.020673836807271,3.923229694366455,2.3633973598480225,True
888.dcm,dx_16b,12,3056x2544,15551732,3009,0.4,j2k,5335552,89.34395066814088,0.9999993651573609,7099439,2.1905578736573412,7.305392628996675,3.105872392654419,2.4344239234924316,True
888.dcm,dx_16b,12,3056x2544,15551732,3009,0.4,jls,5335552,89.34395066814088,0.9999993651573609,6941317,2.240458402922673,7.142683534196055,1.1114118099212646,1.5797069072723389,True
888.dcm,dx_16b,12,3056x2544,15551732,3009,0.4,png,5335552,89.34395066814088,0.9999993651573609,9130243,1.7033207111793192,9.3951099394119,2.047788619995117,1.6747007369995117,True
888.dcm,dx_16b,12,3056x2544,15551732,3009,0.8,jxl,5335552,71.37634882266812,0.999986264947504,5853249,2.6569401028386115,6.023050849550528,3.846216917037964,2.560161828994751,True
888.dcm,dx_16b,12,3056x2544,15551732,3009,0.8,j2k,5335552,71.37634882266812,0.999986264947504,7100384,2.1902663292576854,7.306365043300734,3.921764850616455,1.630575180053711,True
888.dcm,dx_16b,12,3056x2544,15551732,3009,0.8,jls,5335552,71.37634882266812,0.999986264947504,6941890,2.240273470193276,7.143273156837565,1.3169796466827393,1.6229567527770996,True
888.dcm,dx_16b,12,3056x2544,15551732,3009,0.8,png,5335552,71.37634882266812,0.999986264947504,9130180,1.7033324644201977,9.39504511179163,2.149127960205078,1.7892475128173828,True
999.dcm,dx_16b,12,3056x2544,15551732,3012,0.4,jxl,4485584,89.49088737720906,0.9999994879889685,5378045,2.8917073025606888,5.534061254898087,3.9910407066345215,2.877317428588867,True
999.dcm,dx_16b,12,3056x2544,15551732,3012,0.4,j2k,4485584,89.49088737720906,0.9999994879889685,6438989,2.415244380756047,6.625783076492476,2.5660643577575684,1.6817476749420166,True
999.dcm,dx_16b,12,3056x2544,15551732,3012,0.4,jls,4485584,89.49088737720906,0.9999994879889685,6347145,2.4501932758744287,6.531274696236293,1.0153162479400635,1.4788267612457275,True
999.dcm,dx_16b,12,3056x2544,15551732,3012,0.4,png,4485584,89.49088737720906,0.9999994879889685,9384063,1.657249317273339,9.656293218413515,1.7213616371154785,1.479975938796997,True
999.dcm,dx_16b,12,3056x2544,15551732,3012,0.8,jxl,4485584,71.67719254925431,0.9999870208925676,5380209,2.890544214918045,5.536288032203892,4.424318075180054,3.159897565841675,True
999.dcm,dx_16b,12,3056x2544,15551732,3012,0.8,j2k,4485584,71.67719254925431,0.9999870208925676,6440252,2.4147707263628813,6.627082715927426,2.7356338500976562,1.6073546409606934,True
999.dcm,dx_16b,12,3056x2544,15551732,3012,0.8,jls,4485584,71.67719254925431,0.9999870208925676,6347822,2.449931960915098,6.5319713359017415,0.9940953254699707,1.3848083019256592,True
999.dcm,dx_16b,12,3056x2544,15551732,3012,0.8,png,4485584,71.67719254925431,0.9999870208925676,9384072,1.6572477278520454,9.656302479502124,1.7044544219970703,1.159095048904419,True
000.dcm,dx_8b,8,1024x1024,1049342,872,0.4,jxl,353600,68.06099360369869,0.9999491080155114,287819,3.645839920227643,2.1958847045898438,1.2934811115264893,0.9556524753570557,True
000.dcm,dx_8b,8,1024x1024,1049342,872,0.4,j2k,353600,68.06099360369869,0.9999491080155114,321753,3.261327788707487,2.4547805786132812,0.578963041305542,0.10525035858154297,True
000.dcm,dx_8b,8,1024x1024,1049342,872,0.4,jls,353600,68.06099360369869,0.9999491080155114,307779,3.4094009012960598,2.3481674194335938,0.3712782859802246,0.13730120658874512,True
000.dcm,dx_8b,8,1024x1024,1049342,872,0.4,png,353600,68.06099360369869,0.9999491080155114,580871,1.8064974839508257,4.431694030761719,0.17200493812561035,0.08625483512878418,True
000.dcm,dx_8b,8,1024x1024,1049342,872,0.8,jxl,353600,58.0921925385126,0.9995469997458647,288555,3.636540694148429,2.2014999389648438,1.320852279663086,0.3012974262237549,True
000.dcm,dx_8b,8,1024x1024,1049342,872,0.8,j2k,353600,58.0921925385126,0.9995469997458647,322845,3.250296581951091,2.4631118774414062,0.5648918151855469,0.12667536735534668,True
000.dcm,dx_8b,8,1024x1024,1049342,872,0.8,jls,353600,58.0921925385126,0.9995469997458647,308687,3.3993721795864418,2.3550949096679688,0.5272130966186523,0.15487933158874512,True
000.dcm,dx_8b,8,1024x1024,1049342,872,0.8,png,353600,58.0921925385126,0.9995469997458647,581285,1.8052108690229405,4.434852600097656,0.17217230796813965,0.07731056213378906,True
111.dcm,dx_8b,8,1024x1024,1049364,913,0.4,jxl,463488,68.02150628344111,0.9999335829008397,326198,3.2169541198903735,2.4886932373046875,1.4028780460357666,0.25593113899230957,True
111.dcm,dx_8b,8,1024x1024,1049364,913,0.4,j2k,463488,68.02150628344111,0.9999335829008397,348881,3.007799220937798,2.6617507934570312,0.49593305587768555,0.11092495918273926,True
111.dcm,dx_8b,8,1024x1024,1049364,913,0.4,jls,463488,68.02150628344111,0.9999335829008397,343159,3.0579527274528715,2.6180953979492188,0.38170719146728516,0.10942864418029785,True
111.dcm,dx_8b,8,1024x1024,1049364,913,0.4,png,463488,68.02150628344111,0.9999335829008397,566491,1.8523930653796794,4.321983337402344,0.1607966423034668,0.08379411697387695,True
111.dcm,dx_8b,8,1024x1024,1049364,913,0.8,jxl,463488,57.158887998063996,0.9993922964961264,327223,3.206877267184764,2.4965133666992188,1.5702414512634277,0.28700852394104004,True
111.dcm,dx_8b,8,1024x1024,1049364,913,0.8,j2k,463488,57.158887998063996,0.9993922964961264,349714,3.0006348044401996,2.6681060791015625,0.5283782482147217,0.16553902626037598,True
111.dcm,dx_8b,8,1024x1024,1049364,913,0.8,jls,463488,57.158887998063996,0.9993922964961264,344028,3.050228469775716,2.624725341796875,0.41720032691955566,0.2687203884124756,True
111.dcm,dx_8b,8,1024x1024,1049364,913,0.8,png,463488,57.158887998063996,0.9993922964961264,566830,1.8512852177901664,4.3245697021484375,0.1635909080505371,0.0875086784362793,True
222.dcm,dx_8b,8,1024x1024,1049328,843,0.4,jxl,444496,65.22830151407864,0.9999652826827686,424714,2.470669674180743,3.2403106689453125,1.5756521224975586,0.3568758964538574,True
222.dcm,dx_8b,8,1024x1024,1049328,843,0.4,j2k,444496,65.22830151407864,0.9999652826827686,442452,2.3716199723359823,3.375640869140625,0.6184959411621094,0.13556766510009766,True
222.dcm,dx_8b,8,1024x1024,1049328,843,0.4,jls,444496,65.22830151407864,0.9999652826827686,438996,2.390290572123664,3.349273681640625,0.5023317337036133,0.10856342315673828,True
222.dcm,dx_8b,8,1024x1024,1049328,843,0.4,png,444496,65.22830151407864,0.9999652826827686,782804,1.3404734773966407,5.972320556640625,0.11667299270629883,0.08398222923278809,True
222.dcm,dx_8b,8,1024x1024,1049328,843,0.8,jxl,444496,54.266283794772654,0.9996216289061803,425367,2.466876838118613,3.2452926635742188,1.654139757156372,0.2951228618621826,True
222.dcm,dx_8b,8,1024x1024,1049328,843,0.8,j2k,444496,54.266283794772654,0.9996216289061803,443340,2.366869671132765,3.382415771484375,0.6832015514373779,0.1202237606048584,True
222.dcm,dx_8b,8,1024x1024,1049328,843,0.8,jls,444496,54.266283794772654,0.9996216289061803,439852,2.385638805780126,3.355804443359375,0.3992733955383301,0.11396098136901855,True
222.dcm,dx_8b,8,1024x1024,1049328,843,0.8,png,444496,54.266283794772654,0.9996216289061803,783176,1.3398367672145215,5.97515869140625,0.17133069038391113,0.25783324241638184,True
333.dcm,dx_8b,8,512x512,263032,1110,0.4,jxl,95872,61.15976493149631,0.9998797563377085,127312,2.066042478320975,3.88525390625,0.4033198356628418,0.39358019828796387,True
333.dcm,dx_8b,8,512x512,263032,1110,0.4,j2k,95872,61.15976493149631,0.9998797563377085,135715,1.9381203256824964,4.141693115234375,0.6242799758911133,0.18445515632629395,True
333.dcm,dx_8b,8,512x512,263032,1110,0.4,jls,95872,61.15976493149631,0.9998797563377085,130387,2.017317677375812,3.979095458984375,0.421306848526001,0.04595375061035156,True
333.dcm,dx_8b,8,512x512,263032,1110,0.4,png,95872,61.15976493149631,0.9998797563377085,185939,1.414614470337046,5.674407958984375,0.049776315689086914,0.03762459754943848,True
333.dcm,dx_8b,8,512x512,263032,1110,0.8,jxl,95872,50.617225882908485,0.998822762044392,127478,2.0633521078146817,3.89031982421875,0.43057823181152344,0.13978791236877441,True
333.dcm,dx_8b,8,512x512,263032,1110,0.8,j2k,95872,50.617225882908485,0.998822762044392,135943,1.9348697615912551,4.148651123046875,0.6681170463562012,0.09000158309936523,True
333.dcm,dx_8b,8,512x512,263032,1110,0.8,jls,95872,50.617225882908485,0.998822762044392,130599,2.0140429865466043,3.985565185546875,0.43784618377685547,0.03974270820617676,True
333.dcm,dx_8b,8,512x512,263032,1110,0.8,png,95872,50.617225882908485,0.998822762044392,185987,1.414249383021394,5.675872802734375,0.04989767074584961,0.026284217834472656,True
666.dcm,dx_8b,8,1024x1024,1049366,917,0.4,jxl,244416,68.02595126108054,0.9999421243437265,289351,3.626619572768022,2.2075729370117188,1.0841925144195557,0.2372438907623291,True
666.dcm,dx_8b,8,1024x1024,1049366,917,0.4,j2k,244416,68.02595126108054,0.9999421243437265,319697,3.282376750485616,2.4390945434570312,0.44361233711242676,0.1235666275024414,True
666.dcm,dx_8b,8,1024x1024,1049366,917,0.4,jls,244416,68.02595126108054,0.9999421243437265,304133,3.4503523129683393,2.3203506469726562,0.41887354850769043,0.10849428176879883,True
666.dcm,dx_8b,8,1024x1024,1049366,917,0.4,png,244416,68.02595126108054,0.9999421243437265,575445,1.8235730608485607,4.390296936035156,0.21637940406799316,0.08294916152954102,True
666.dcm,dx_8b,8,1024x1024,1049366,917,0.8,jxl,244416,57.468223584876874,0.9994700386249417,290293,3.6148512020613657,2.2147598266601562,1.1208829879760742,0.2376105785369873,True
666.dcm,dx_8b,8,1024x1024,1049366,917,0.8,j2k,244416,57.468223584876874,0.9994700386249417,320657,3.2725497961996775,2.4464187622070312,0.4576847553253174,0.11554074287414551,True
666.dcm,dx_8b,8,1024x1024,1049366,917,0.8,jls,244416,57.468223584876874,0.9994700386249417,305159,3.4387516016240713,2.3281784057617188,0.4056577682495117,0.13865113258361816,True
666.dcm,dx_8b,8,1024x1024,1049366,917,0.8,png,244416,57.468223584876874,0.9994700386249417,575885,1.8221797754760065,4.393653869628906,0.19069242477416992,0.07800912857055664,True
777.dcm,dx_8b,8,1024x1024,1049336,857,0.4,jxl,511776,64.71797486108088,0.9998425151650513,391522,2.680145687854067,2.9870758056640625,1.4513270854949951,0.23103547096252441,True
777.dcm,dx_8b,8,1024x1024,1049336,857,0.4,j2k,511776,64.71797486108088,0.9998425151650513,408450,2.569068429428327,3.1162261962890625,0.521754264831543,0.12894439697265625,True
777.dcm,dx_8b,8,1024x1024,1049336,857,0.4,jls,511776,64.71797486108088,0.9998425151650513,404978,2.5910938371960945,3.0897369384765625,0.44037628173828125,0.12958455085754395,True
777.dcm,dx_8b,8,1024x1024,1049336,857,0.4,png,511776,64.71797486108088,0.9998425151650513,731186,1.4351150049371841,5.5785064697265625,0.12174868583679199,0.0902566909790039,True
777.dcm,dx_8b,8,1024x1024,1049336,857,0.8,jxl,511776,53.60568035734002,0.9984295149464599,392515,2.673365349094939,2.9946517944335938,1.4250295162200928,0.25347328186035156,True
777.dcm,dx_8b,8,1024x1024,1049336,857,0.8,j2k,511776,53.60568035734002,0.9984295149464599,409300,2.5637332030295625,3.122711181640625,0.5032267570495605,0.11822056770324707,True
777.dcm,dx_8b,8,1024x1024,1049336,857,0.8,jls,511776,53.60568035734002,0.9984295149464599,405806,2.5858070112319678,3.0960540771484375,0.40141773223876953,0.1341691017150879,True
777.dcm,dx_8b,8,1024x1024,1049336,857,0.8,png,511776,53.60568035734002,0.9984295149464599,731344,1.4348049618237109,5.5797119140625,0.15117144584655762,0.10375618934631348,True
888.dcm,dx_8b,8,1024x1024,1049344,875,0.4,jxl,220080,65.00333775723148,0.9998418973403521,257734,4.071422474334003,1.9663543701171875,1.269120216369629,0.24393749237060547,True
888.dcm,dx_8b,8,1024x1024,1049344,875,0.4,j2k,220080,65.00333775723148,0.9998418973403521,288368,3.6389058425345393,2.2000732421875,0.47406625747680664,0.12017059326171875,True
888.dcm,dx_8b,8,1024x1024,1049344,875,0.4,jls,220080,65.00333775723148,0.9998418973403521,275552,3.8081523632563,2.102294921875,0.41330385208129883,0.14021968841552734,True
888.dcm,dx_8b,8,1024x1024,1049344,875,0.4,png,220080,65.00333775723148,0.9998418973403521,509000,2.061579567779961,3.88336181640625,0.18027067184448242,0.08884119987487793,True
888.dcm,dx_8b,8,1024x1024,1049344,875,0.8,jxl,220080,53.16979675033116,0.9985710255252639,258506,4.05926361477103,1.9722442626953125,1.2764737606048584,0.29451918601989746,True
888.dcm,dx_8b,8,1024x1024,1049344,875,0.8,j2k,220080,53.16979675033116,0.9985710255252639,289571,3.6237882937172574,2.2092514038085938,0.5481312274932861,0.10147881507873535,True
888.dcm,dx_8b,8,1024x1024,1049344,875,0.8,jls,220080,53.16979675033116,0.9985710255252639,276861,3.7901474024871686,2.1122817993164062,0.409254789352417,0.12532639503479004,True
888.dcm,dx_8b,8,1024x1024,1049344,875,0.8,png,220080,53.16979675033116,0.9985710255252639,509391,2.0599971338323604,3.8863449096679688,0.2018144130706787,0.10966610908508301,True
999.dcm,dx_8b,8,1024x1024,1049356,902,0.4,jxl,323600,63.600137059093896,0.9999013793627298,281519,3.727478429519855,2.1478195190429688,1.4504666328430176,0.2556953430175781,True
999.dcm,dx_8b,8,1024x1024,1049356,902,0.4,j2k,323600,63.600137059093896,0.9999013793627298,311066,3.3734191457761376,2.3732452392578125,0.47798991203308105,0.13720989227294922,True
999.dcm,dx_8b,8,1024x1024,1049356,902,0.4,jls,323600,63.600137059093896,0.9999013793627298,299836,3.4997665390413424,2.287567138671875,0.4349653720855713,0.12851619720458984,True
999.dcm,dx_8b,8,1024x1024,1049356,902,0.4,png,323600,63.600137059093896,0.9999013793627298,577466,1.8171736517820962,4.4057159423828125,0.18573856353759766,0.09627318382263184,True
999.dcm,dx_8b,8,1024x1024,1049356,902,0.8,jxl,323600,52.495490702620884,0.9986989630021623,282446,3.7152446839395847,2.1548919677734375,1.5057435035705566,0.2587580680847168,True
999.dcm,dx_8b,8,1024x1024,1049356,902,0.8,j2k,323600,52.495490702620884,0.9986989630021623,312294,3.360154213657643,2.3826141357421875,0.4791266918182373,0.19559955596923828,True
999.dcm,dx_8b,8,1024x1024,1049356,902,0.8,jls,323600,52.495490702620884,0.9986989630021623,301182,3.48412587737647,2.2978363037109375,0.4109957218170166,0.14672446250915527,True
999.dcm,dx_8b,8,1024x1024,1049356,902,0.8,png,323600,52.495490702620884,0.9986989630021623,577834,1.8160163645614484,4.4085235595703125,0.2034454345703125,0.11544370651245117,True
111.dcm,mr_16b,12,3518x2800,19742826,858,0.4,jxl,399664,98.97186178523022,0.9999999534962233,944091,20.911994712374124,0.7667432794607325,2.1486763954162598,3.4389772415161133,True
111.dcm,mr_16b,12,3518x2800,19742826,858,0.4,j2k,399664,98.97186178523022,0.9999999534962233,986279,20.017485924368255,0.8010062535531552,1.691521167755127,1.3484508991241455,True
111.dcm,mr_16b,12,3518x2800,19742826,858,0.4,jls,399664,98.97186178523022,0.9999999534962233,948487,20.815072847598334,0.7703134898075205,0.6647372245788574,1.399134874343872,True
111.dcm,mr_16b,12,3518x2800,19742826,858,0.4,png,399664,98.97186178523022,0.9999999534962233,1691513,11.67169628610599,1.373761877690246,0.39327454566955566,1.3045010566711426,True
111.dcm,mr_16b,12,3518x2800,19742826,858,0.8,jxl,399664,92.31738584446978,0.9999998837912876,944405,20.90504179880454,0.7669982944855032,1.7216119766235352,2.0486748218536377,True
111.dcm,mr_16b,12,3518x2800,19742826,858,0.8,j2k,399664,92.31738584446978,0.9999998837912876,986943,20.004018469151713,0.8015455209940713,1.0978784561157227,1.5861518383026123,True
111.dcm,mr_16b,12,3518x2800,19742826,858,0.8,jls,399664,92.31738584446978,0.9999998837912876,948457,20.815731235048084,0.7702891253147081,0.7742764949798584,1.4340558052062988,True
111.dcm,mr_16b,12,3518x2800,19742826,858,0.8,png,399664,92.31738584446978,0.9999998837912876,1691539,11.67151688491959,1.373782993584017,0.42215657234191895,1.3108093738555908,True
222.dcm,mr_16b,12,3518x2800,19742826,858,0.4,jxl,192432,101.72226246930278,0.999999982203377,513481,38.4489903229136,0.41702347112807603,2.4520411491394043,2.625739574432373,True
222.dcm,mr_16b,12,3518x2800,19742826,858,0.4,j2k,192432,101.72226246930278,0.999999982203377,537142,36.75531982231887,0.4362397466092747,1.0181429386138916,1.3946771621704102,True
222.dcm,mr_16b,12,3518x2800,19742826,858,0.4,jls,192432,101.72226246930278,0.999999982203377,516532,38.221883639348576,0.4195013400471047,0.5959749221801758,1.4707303047180176,True
222.dcm,mr_16b,12,3518x2800,19742826,858,0.4,png,192432,101.72226246930278,0.999999982203377,935586,21.10209644009209,0.759835945748396,0.3437490463256836,1.4408257007598877,True
222.dcm,mr_16b,12,3518x2800,19742826,858,0.8,jxl,192432,95.89138344621604,0.99999994968998,513694,38.433047689869845,0.4171964590270446,1.4400503635406494,2.1677865982055664,True
222.dcm,mr_16b,12,3518x2800,19742826,858,0.8,j2k,192432,95.89138344621604,0.99999994968998,537626,36.72223069568808,0.436632827093316,0.785710334777832,1.529965877532959,True
222.dcm,mr_16b,12,3518x2800,19742826,858,0.8,jls,192432,95.89138344621604,0.99999994968998,516540,38.22129167150656,0.41950783724518803,0.6242630481719971,1.3914620876312256,True
222.dcm,mr_16b,12,3518x2800,19742826,858,0.8,png,192432,95.89138344621604,0.99999994968998,935750,21.098398076409296,0.7599691383091042,0.3503715991973877,1.3235337734222412,True
333.dcm,mr_16b,16,3580x2812,20134802,856,0.4,jxl,1837072,110.40220399958048,0.9999999943943096,3489150,5.770689709528108,2.772753641615741,2.982348918914795,2.547119617462158,True
333.dcm,mr_16b,16,3580x2812,20134802,856,0.4,j2k,1837072,110.40220399958048,0.9999999943943096,3518287,5.7228992404542325,2.7959081987014947,1.730907917022705,2.1812281608581543,True
333.dcm,mr_16b,16,3580x2812,20134802,856,0.4,jls,1837072,110.40220399958048,0.9999999943943096,3486541,5.775007952007448,2.7706803245468343,0.9371097087860107,1.6923577785491943,True
333.dcm,mr_16b,16,3580x2812,20134802,856,0.4,png,1837072,110.40220399958048,0.9999999943943096,5710993,3.5256219014801804,4.538405238522851,1.2675466537475586,1.503927230834961,True
333.dcm,mr_16b,16,3580x2812,20134802,856,0.8,jxl,1837072,99.85364439636832,0.9999999347589157,3489100,5.770772405491387,2.7727139076742136,2.961483955383301,5.713388442993164,True
333.dcm,mr_16b,16,3580x2812,20134802,856,0.8,j2k,1837072,99.85364439636832,0.9999999347589157,3518330,5.722829296853905,2.7959423698912085,2.9736382961273193,2.5426018238067627,True
333.dcm,mr_16b,16,3580x2812,20134802,856,0.8,jls,1837072,99.85364439636832,0.9999999347589157,3486606,5.77490028985208,2.77073197867082,1.7432751655578613,1.7157928943634033,True
333.dcm,mr_16b,16,3580x2812,20134802,856,0.8,png,1837072,99.85364439636832,0.9999999347589157,5711028,3.5256002947280245,4.5384330522819205,1.0639362335205078,2.1960396766662598,True
444.dcm,mr_16b,16,5056x2761,27920328,1857,0.4,jxl,3823320,124.42602962986656,0.9999999997070923,4052085,6.890360888283439,2.322175624315167,5.355235576629639,4.8412840366363525,True
444.dcm,mr_16b,16,5056x2761,27920328,1857,0.4,j2k,3823320,124.42602962986656,0.9999999997070923,7575433,3.6856412036117274,4.341341767567245,3.21250319480896,2.6256353855133057,True
444.dcm,mr_16b,16,5056x2761,27920328,1857,0.4,jls,3823320,124.42602962986656,0.9999999997070923,7352089,3.7976047351983904,4.21334741586015,1.1291322708129883,2.5068986415863037,True
444.dcm,mr_16b,16,5056x2761,27920328,1857,0.4,png,3823320,124.42602962986656,0.9999999997070923,9621081,2.901994900573023,5.513665132336018,1.2405800819396973,1.907970905303955,True
444.dcm,mr_16b,16,5056x2761,27920328,1857,0.8,jxl,3823320,113.98766688864775,0.9999999966847974,4053786,6.887469639492563,2.3231504362297644,4.010573863983154,4.504995584487915,True
444.dcm,mr_16b,16,5056x2761,27920328,1857,0.8,j2k,3823320,113.98766688864775,0.9999999966847974,7575480,3.6856183370558697,4.341368702405568,3.130974054336548,2.6301634311676025,True
444.dcm,mr_16b,16,5056x2761,27920328,1857,0.8,jls,3823320,113.98766688864775,0.9999999966847974,7352126,3.797585623532567,4.213368619881807,0.9383893013000488,2.484785318374634,True
444.dcm,mr_16b,16,5056x2761,27920328,1857,0.8,png,3823320,113.98766688864775,0.9999999966847974,9621134,2.901978914335878,5.513695505664339,1.1893956661224365,2.112581968307495,True
555.dcm,mr_16b,16,5386x2836,30550494,1860,0.4,jxl,5594808,121.75960979674525,0.9999999997047152,6059294,5.041923035918046,3.173506824620274,5.139671087265015,4.9344799518585205,True
555.dcm,mr_16b,16,5386x2836,30550494,1860,0.4,j2k,5594808,121.75960979674525,0.9999999997047152,11217567,2.7234509943198915,5.875111098774077,5.275712251663208,2.972325086593628,True
555.dcm,mr_16b,16,5386x2836,30550494,1860,0.4,jls,5594808,121.75960979674525,0.9999999997047152,10889375,2.805532365264306,5.703223160709713,1.1085717678070068,3.602191925048828,True
555.dcm,mr_16b,16,5386x2836,30550494,1860,0.4,png,5594808,121.75960979674525,0.9999999997047152,14307231,2.1353184274441364,7.493297935356619,2.0731914043426514,2.1566600799560547,True
555.dcm,mr_16b,16,5386x2836,30550494,1860,0.8,jxl,5594808,110.07550061209228,0.9999999947685465,6060837,5.040639436434275,3.174314958543201,5.190249919891357,4.5635826587677,True
555.dcm,mr_16b,16,5386x2836,30550494,1860,0.8,j2k,5594808,110.07550061209228,0.9999999947685465,11217746,2.72340753659425,5.8752048485940405,6.400388240814209,3.1659228801727295,True
555.dcm,mr_16b,16,5386x2836,30550494,1860,0.8,jls,5594808,110.07550061209228,0.9999999947685465,10889612,2.8054713060483696,5.703347287566312,1.2072820663452148,2.8216612339019775,True
555.dcm,mr_16b,16,5386x2836,30550494,1860,0.8,png,5594808,110.07550061209228,0.9999999947685465,14307400,2.135293204914939,7.493386447756473,1.640376091003418,2.1719892024993896,True
666.dcm,mr_16b,16,5944x3552,42227272,1854,0.4,jxl,7250416,123.03784289948332,0.9999999997860123,9404650,4.490041841004184,3.5635336716258657,8.310090065002441,6.770324945449829,True
666.dcm,mr_16b,16,5944x3552,42227272,1854,0.4,j2k,7250416,123.03784289948332,0.9999999997860123,15723420,2.6856289534973943,5.957790731512131,6.052795648574829,5.061489820480347,True
666.dcm,mr_16b,16,5944x3552,42227272,1854,0.4,jls,7250416,123.03784289948332,0.9999999997860123,15166250,2.7842922278084563,5.746672395814388,2.108048677444458,5.165086507797241,True
666.dcm,mr_16b,16,5944x3552,42227272,1854,0.4,png,7250416,123.03784289948332,0.9999999997860123,18669112,2.261878979567962,7.073948443733101,2.9165475368499756,3.3032643795013428,True
666.dcm,mr_16b,16,5944x3552,42227272,1854,0.8,jxl,7250416,111.35407471718787,0.9999999943404806,9407600,4.488633870487691,3.5646514616904925,8.742087364196777,5.87943172454834,True
666.dcm,mr_16b,16,5944x3552,42227272,1854,0.8,j2k,7250416,111.35407471718787,0.9999999943404806,15723421,2.6856287826930285,5.957791110424018,6.754052400588989,4.695718765258789,True
666.dcm,mr_16b,16,5944x3552,42227272,1854,0.8,jls,7250416,111.35407471718787,0.9999999943404806,15166227,2.7842964502641294,5.746663680841002,1.5275297164916992,4.68558669090271,True
666.dcm,mr_16b,16,5944x3552,42227272,1854,0.8,png,7250416,111.35407471718787,0.9999999943404806,18669197,2.261868681336428,7.073980651243438,2.681558132171631,3.172677993774414,True
777.dcm,mr_16b,16,4808x3024,29079880,1856,0.4,jxl,3321648,124.58093498882454,0.9999999998715542,4985938,5.832378982650807,2.743409353018338,4.810751438140869,4.433883905410767,True
777.dcm,mr_16b,16,4808x3024,29079880,1856,0.4,j2k,3321648,124.58093498882454,0.9999999998715542,8399719,3.4620062885437,4.621771804488111,3.7811710834503174,3.299638509750366,True
777.dcm,mr_16b,16,4808x3024,29079880,1856,0.4,jls,3321648,124.58093498882454,0.9999999998715542,8077215,3.6002359724236634,4.4443206428439375,1.1900010108947754,4.5160605907440186,True
777.dcm,mr_16b,16,4808x3024,29079880,1856,0.4,png,3321648,124.58093498882454,0.9999999998715542,10354621,2.808396367187172,5.69741623308595,1.606950044631958,3.6616342067718506,True
777.dcm,mr_16b,16,4808x3024,29079880,1856,0.8,jxl,3321648,114.11153778520242,0.9999999985631484,4987452,5.830608495079251,2.744242400232417,5.854658365249634,3.751445770263672,True
777.dcm,mr_16b,16,4808x3024,29079880,1856,0.8,j2k,3321648,114.11153778520242,0.9999999985631484,8399692,3.4620174168290934,4.62175694829605,3.1697628498077393,2.910182237625122,True
777.dcm,mr_16b,16,4808x3024,29079880,1856,0.8,jls,3321648,114.11153778520242,0.9999999985631484,8077212,3.6002373096063343,4.444318992155931,0.9801025390625,2.6121625900268555,True
777.dcm,mr_16b,16,4808x3024,29079880,1856,0.8,png,3321648,114.11153778520242,0.9999999985631484,10354678,2.8083809076438686,5.697447596158079,1.2646312713623047,2.302546977996826,True
999.dcm,mr_16b,16,4441x2206,19594788,1858,0.4,jxl,2652916,119.95640923652812,0.9999999991564151,4467115,4.386452553829485,3.6477984853492647,3.2768313884735107,4.161258697509766,True
999.dcm,mr_16b,16,4441x2206,19594788,1858,0.4,j2k,2652916,119.95640923652812,0.9999999991564151,6203380,3.158727661371704,5.065613974130041,2.714874505996704,1.946082592010498,True
999.dcm,mr_16b,16,4441x2206,19594788,1858,0.4,jls,2652916,119.95640923652812,0.9999999991564151,5896796,3.322955042026212,4.815260748204065,0.7685024738311768,1.5123624801635742,True
999.dcm,mr_16b,16,4441x2206,19594788,1858,0.4,png,2652916,119.95640923652812,0.9999999991564151,7744408,2.530185393124949,6.3240010101210125,0.8405203819274902,2.3415229320526123,True
999.dcm,mr_16b,16,4441x2206,19594788,1858,0.8,jxl,2652916,108.02985863926827,0.9999999861786789,4470318,4.383309643743465,3.6504140210022693,3.057835102081299,2.6865501403808594,True
999.dcm,mr_16b,16,4441x2206,19594788,1858,0.8,j2k,2652916,108.02985863926827,0.9999999861786789,6203365,3.1587352993093263,5.065601725289955,2.574314594268799,1.884472131729126,True
999.dcm,mr_16b,16,4441x2206,19594788,1858,0.8,jls,2652916,108.02985863926827,0.9999999861786789,5896835,3.322933064940769,4.815292595188288,0.9213566780090332,2.6050894260406494,True
999.dcm,mr_16b,16,4441x2206,19594788,1858,0.8,png,2652916,108.02985863926827,0.9999999861786789,7744441,2.530174611698895,6.324027957569202,0.9086334705352783,2.171963930130005,True
888.dcm,mr_16b,16,5266x2596,27342174,1859,0.4,jxl,4297584,121.22717299376436,0.99999999986394,8184312,3.3408029899153404,4.789460779006763,5.957769393920898,4.523334980010986,True
888.dcm,mr_16b,16,5266x2596,27342174,1859,0.4,j2k,4297584,121.22717299376436,0.99999999986394,11501608,2.3772479465479956,6.730742964284649,4.128318786621094,2.756775140762329,True
888.dcm,mr_16b,16,5266x2596,27342174,1859,0.4,jls,4297584,121.22717299376436,0.99999999986394,10963912,2.493833770281994,6.416083173329853,1.1148977279663086,3.9302029609680176,True
888.dcm,mr_16b,16,5266x2596,27342174,1859,0.4,png,4297584,121.22717299376436,0.99999999986394,14144630,1.9330427165645196,8.277439889701473,1.5033860206604004,2.03041934967041,True
888.dcm,mr_16b,16,5266x2596,27342174,1859,0.8,jxl,4297584,104.99466607185256,0.999999995477151,8185072,3.3404927898007495,4.789905531136453,5.16377854347229,3.742645025253296,True
888.dcm,mr_16b,16,5266x2596,27342174,1859,0.8,j2k,4297584,104.99466607185256,0.999999995477151,11502219,2.3771216666975303,6.731100521588912,4.27685022354126,2.652036190032959,True
888.dcm,mr_16b,16,5266x2596,27342174,1859,0.8,jls,4297584,104.99466607185256,0.999999995477151,10964397,2.4937234578426883,6.4163669954126155,1.0723633766174316,2.4001314640045166,True
888.dcm,mr_16b,16,5266x2596,27342174,1859,0.8,png,4297584,104.99466607185256,0.999999995477151,14144813,1.9330177076218682,8.2775469813327,1.4148004055023193,1.734947681427002,True
